SubCategory,Profitablity,Revenue Share
Chargers,0.284522265,0.07262336
Game Consoles,0.310628257,0.173026057
Gaming Laptops,0.330298629,0.038352384
Keyboards,0.32319819,0.125446332
Mice,0.226995152,0.027602421
Smart Speakers,0.346356197,0.00733949
VR Headsets,0.288723896,0.106733944
Wireless Earbuds,0.224282396,0.027402726
